label,manuscript_path,category,role,artifact_source,sha256,size_bytes,tex_line,source_class,current_model_output_wired,note
fig:sanlorenzo,Figures/manuscript/site_context_usgs.png,Setup / Inputs,Study-setting figure,artifacts/five_cutoff_setup_support/20221225_exal_m_t1/figures/usgs.png,a35bd0cd8eee55a5478e8533ecb3629ce6b056c024d7b1b5197153f7cff16fd1,1282898,289,setup_support_v2_representative,True,Representative 2022-12-25 setup/support figure from the canonical five-cutoff support bundle
fig:covariates,Figures/manuscript/covariate_context_precip_soil_gdpc.png,Setup / Inputs,Covariate setup figure,artifacts/five_cutoff_setup_support/20221225_exal_m_t1/figures/precip_soilmoisture_climatePC1_faceted_labeled.png,a450b7fa331403f61ea0af951dc1bdf65fab1e4d471c8f89b26cc72d89b9ad03,2062646,306,setup_support_v2_representative,True,Representative 2022-12-25 setup/support figure from the canonical five-cutoff support bundle
fig:retrospectives,Figures/manuscript/retrospective_products_context.png,Setup / Inputs,Retrospective-product setup figure,artifacts/five_cutoff_setup_support/20221225_exal_m_t1/figures/retrospective_log_discharge_plot_faceted.png,a670b1de369c4a576c9d9221eec27f83e78bbdf00db88419a714efa2bf5de16e,1935883,320,setup_support_v2_representative,True,Representative 2022-12-25 setup/support figure from the canonical five-cutoff support bundle
fig:ensembles,Figures/manuscript/forecast_products_context.png,Setup / Inputs,Forecast-product setup figure,artifacts/five_cutoff_setup_support/20221225_exal_m_t1/figures/forecats.png,561383865a0d85b0f29cc8ffc6e2172eb14ba58cbea4be0ba589d1610a6b87b3,702012,88,setup_support_v2_representative,True,Representative 2022-12-25 setup/support figure from the canonical five-cutoff support bundle
fig:dry_quantile,Figures/manuscript/historical_summary_dry_period.png,Selected Model,"Selected-model quantile dynamics, 2012-2016 window",artifacts/representative_selected_model_2022_12_25/authoritative_support/figures/selected_model_quantile_dry_period.png,65808b4b196c16cce3983de4ced68169887d8bb74dcf562971555279982580f4,1987662,432,current_selected_model_representative,True,Rendered from the same 2022-12-25 selected exAL-M-T1 output authority as the synthesis figure.
fig:rainy_quantile,Figures/manuscript/historical_summary_wet_period.png,Selected Model,"Selected-model quantile dynamics, 2017-2019 window",artifacts/representative_selected_model_2022_12_25/authoritative_support/figures/selected_model_quantile_wet_period.png,be7bbba24c83720d57da51d96a58b8b859f4ce1788dcb2b0729aefb76dfa9b69,2113773,441,current_selected_model_representative,True,Rendered from the same 2022-12-25 selected exAL-M-T1 output authority as the synthesis figure.
fig:synth1,Figures/multivariate_synthesis_by_cutoff/cutoff_2022_12_25_multivariate_synthesis_with_reference_ensembles.png,Selected Model,Representative selected-model synthesis with reference-product overlays for the 2022-12-25 cutoff,artifacts/five_cutoff_main_model_synthesis/20221225_exal_m_t1/exdqlm_multivar_synth_keep_cutoff_window_posterior_samples_with_raw_ensembles.png,4a5149e87b8325bd7ede753db82a369902c3de66f6cb8e885c07f2e41db245e6,893090,471,current_selected_model_representative,True,"Authoritative 2022-12-25 exAL-M-T1 clean HE2 publication replay from the five-cutoff main-model synthesis family, with retrospective and forecast-product reference overlays."
fig:80_components,Figures/manuscript/historical_component_80month.png,Selected Model,Selected-model 80-month component summary with dry/wet period overlays,artifacts/representative_selected_model_2022_12_25/authoritative_support/figures/selected_model_component_80month.png,7692c832dfe25e239afe9b262c90436099340438373ba1b5df80f5156550cf7c,1037354,456,current_selected_model_representative,True,Rendered from the same 2022-12-25 selected exAL-M-T1 output authority using raw state component 6 only; plus/minus-trend variants are analysis-only diagnostics.
fig:synth2,Figures/manuscript/reference_synthesis_univariate.png,Appendix Support,Univariate transfer-active reference synthesis,artifacts/historical_support_from_current_models/figures/reference_synthesis_univariate.png,daba2360b25c7fe4042ac28b7c0f72852c68b6c77d88ed3d80994cc145d15f6d,495382,547,current_model_output_support,True,Copied from the current 2022-12-25 exdqlm_univar publication-style output bundle; uses the USGS observation channel and transfer covariates while excluding retrospective-product and forecast-product source channels.
