table_label,row_label,cutoff,horizon_days,source_class,source_path,model_selector,mean_crps
tab:he3_ablation_crps,RAW-GLOFAS,20210123,28,raw_forecast_product,artifacts/five_cutoff_crps_validation_sources/20210123_exal_m_t1/crps_forecast_per_time.csv,model_id=glofas_ensemble,0.40365981766818682
tab:he3_ablation_crps,RAW-GLOFAS,20211112,28,raw_forecast_product,artifacts/five_cutoff_crps_validation_sources/20211112_exal_m_t1/crps_forecast_per_time.csv,model_id=glofas_ensemble,0.16957475641561054
tab:he3_ablation_crps,RAW-GLOFAS,20211221,28,raw_forecast_product,artifacts/five_cutoff_crps_validation_sources/20211221_exal_m_t1/crps_forecast_per_time.csv,model_id=glofas_ensemble,0.68246362689335638
tab:he3_ablation_crps,RAW-GLOFAS,20220511,28,raw_forecast_product,artifacts/five_cutoff_crps_validation_sources/20220511_exal_m_t1/crps_forecast_per_time.csv,model_id=glofas_ensemble,0.27226751146296646
tab:he3_ablation_crps,RAW-GLOFAS,20221225,28,raw_forecast_product,artifacts/five_cutoff_crps_validation_sources/20221225_exal_m_t1/crps_forecast_per_time.csv,model_id=glofas_ensemble,1.5600635885630345
tab:he3_ablation_crps,exAL-M-T1 (full),20210123,28,he3_authoritative_ablation,/data/muscat_data/jaguir26/project1_ucsc_phd_runtime/multimodel_v8_he2_exdqlm_multivar_keep_epsilon_discount_grid_20260524/runs/multimodel_20210123_v8_he2grid_c04_eps365_exdqlm_multivar_keep/post/outputs/multimodel_20210123_v8_he2grid_c04_eps365_exdqlm_multivar_keep/tables/crps_forecast_per_time.csv,model_id=exdqlm_multivar_synth_keep,0.13970885484786341
tab:he3_ablation_crps,exAL-M-T1 (full),20211112,28,he3_authoritative_ablation,/data/muscat_data/jaguir26/project1_ucsc_phd_runtime/multimodel_v8_he2_exdqlm_multivar_keep_epsilon_discount_grid_20260524/runs/multimodel_20211112_v8_he2grid_c04_eps365_exdqlm_multivar_keep/post/outputs/multimodel_20211112_v8_he2grid_c04_eps365_exdqlm_multivar_keep/tables/crps_forecast_per_time.csv,model_id=exdqlm_multivar_synth_keep,0.0472363501409808
tab:he3_ablation_crps,exAL-M-T1 (full),20211221,28,he3_authoritative_ablation,/data/muscat_data/jaguir26/project1_ucsc_phd_runtime/multimodel_v8_he2_exdqlm_multivar_keep_epsilon_discount_grid_20260524/runs/multimodel_20211221_v8_he2grid_c03_eps030_exdqlm_multivar_keep/post/outputs/multimodel_20211221_v8_he2grid_c03_eps030_exdqlm_multivar_keep/tables/crps_forecast_per_time.csv,model_id=exdqlm_multivar_synth_keep,0.26537204076515225
tab:he3_ablation_crps,exAL-M-T1 (full),20220511,28,he3_authoritative_ablation,/data/muscat_data/jaguir26/project1_ucsc_phd_runtime/multimodel_v8_he2_exdqlm_multivar_keep_epsilon_discount_grid_20260524/runs/multimodel_20220511_v8_he2grid_c02_eps060_exdqlm_multivar_keep/post/outputs/multimodel_20220511_v8_he2grid_c02_eps060_exdqlm_multivar_keep/tables/crps_forecast_per_time.csv,model_id=exdqlm_multivar_synth_keep,0.032325119667288557
tab:he3_ablation_crps,exAL-M-T1 (full),20221225,28,he3_authoritative_ablation,/data/muscat_data/jaguir26/project1_ucsc_phd_runtime/multimodel_v8_he2_exdqlm_multivar_keep_epsilon_discount_grid_20260524/runs/multimodel_20221225_v8_he2grid_c05_eps030_exdqlm_multivar_keep/post/outputs/multimodel_20221225_v8_he2grid_c05_eps030_exdqlm_multivar_keep/tables/crps_forecast_per_time.csv,model_id=exdqlm_multivar_synth_keep,0.66545966012123048
tab:he3_ablation_crps,exAL-M-T1-noTrend,20210123,28,he3_authoritative_ablation,/data/muscat_data/jaguir26/project1_ucsc_phd_runtime/multimodel_v8_he3_exdqlm_ablation_authoritative_winners_20260608/runs/multimodel_20210123_v8_c04_eps365_exdqlm_multivar_keep_he3_noTrend/post/outputs/multimodel_20210123_v8_c04_eps365_exdqlm_multivar_keep_he3_noTrend/tables/crps_forecast_per_time.csv,model_id=exdqlm_multivar_synth_keep,1.0515922245361906
tab:he3_ablation_crps,exAL-M-T1-noTrend,20211112,28,he3_authoritative_ablation,/data/muscat_data/jaguir26/project1_ucsc_phd_runtime/multimodel_v8_he3_exdqlm_ablation_authoritative_winners_20260608/runs/multimodel_20211112_v8_c04_eps365_exdqlm_multivar_keep_he3_noTrend/post/outputs/multimodel_20211112_v8_c04_eps365_exdqlm_multivar_keep_he3_noTrend/tables/crps_forecast_per_time.csv,model_id=exdqlm_multivar_synth_keep,0.72342722980913965
tab:he3_ablation_crps,exAL-M-T1-noTrend,20211221,28,he3_authoritative_ablation,/data/muscat_data/jaguir26/project1_ucsc_phd_runtime/multimodel_v8_he3_exdqlm_ablation_authoritative_winners_20260608/runs/multimodel_20211221_v8_c03_eps030_exdqlm_multivar_keep_he3_noTrend/post/outputs/multimodel_20211221_v8_c03_eps030_exdqlm_multivar_keep_he3_noTrend/tables/crps_forecast_per_time.csv,model_id=exdqlm_multivar_synth_keep,2.5204274059961493
tab:he3_ablation_crps,exAL-M-T1-noTrend,20220511,28,he3_authoritative_ablation,/data/muscat_data/jaguir26/project1_ucsc_phd_runtime/multimodel_v8_he3_exdqlm_ablation_authoritative_winners_20260608/runs/multimodel_20220511_v8_c02_eps060_exdqlm_multivar_keep_he3_noTrend/post/outputs/multimodel_20220511_v8_c02_eps060_exdqlm_multivar_keep_he3_noTrend/tables/crps_forecast_per_time.csv,model_id=exdqlm_multivar_synth_keep,0.55041112983399254
tab:he3_ablation_crps,exAL-M-T1-noTrend,20221225,28,he3_authoritative_ablation,/data/muscat_data/jaguir26/project1_ucsc_phd_runtime/multimodel_v8_he3_exdqlm_ablation_authoritative_winners_20260608/runs/multimodel_20221225_v8_c05_eps030_exdqlm_multivar_keep_he3_noTrend/post/outputs/multimodel_20221225_v8_c05_eps030_exdqlm_multivar_keep_he3_noTrend/tables/crps_forecast_per_time.csv,model_id=exdqlm_multivar_synth_keep,3.8661771777135079
tab:he3_ablation_crps,exAL-M-noTF,20210123,28,he3_authoritative_ablation,/data/muscat_data/jaguir26/project1_ucsc_phd_runtime/multimodel_v8_he3_exdqlm_ablation_authoritative_winners_20260608/runs/multimodel_20210123_v8_c04_eps365_exdqlm_multivar_keep_he3_noTF/post/outputs/multimodel_20210123_v8_c04_eps365_exdqlm_multivar_keep_he3_noTF/tables/crps_forecast_per_time.csv,model_id=exdqlm_multivar_synth_drop,1.7360957277723661
tab:he3_ablation_crps,exAL-M-noTF,20211112,28,he3_authoritative_ablation,/data/muscat_data/jaguir26/project1_ucsc_phd_runtime/multimodel_v8_he3_exdqlm_ablation_authoritative_winners_20260608/runs/multimodel_20211112_v8_c04_eps365_exdqlm_multivar_keep_he3_noTF/post/outputs/multimodel_20211112_v8_c04_eps365_exdqlm_multivar_keep_he3_noTF/tables/crps_forecast_per_time.csv,model_id=exdqlm_multivar_synth_drop,1.9128521111636287
tab:he3_ablation_crps,exAL-M-noTF,20211221,28,he3_authoritative_ablation,/data/muscat_data/jaguir26/project1_ucsc_phd_runtime/multimodel_v8_he3_exdqlm_ablation_authoritative_winners_20260608/runs/multimodel_20211221_v8_c03_eps030_exdqlm_multivar_keep_he3_noTF/post/outputs/multimodel_20211221_v8_c03_eps030_exdqlm_multivar_keep_he3_noTF/tables/crps_forecast_per_time.csv,model_id=exdqlm_multivar_synth_drop,1.7945163309589847
tab:he3_ablation_crps,exAL-M-noTF,20220511,28,he3_authoritative_ablation,/data/muscat_data/jaguir26/project1_ucsc_phd_runtime/multimodel_v8_he3_exdqlm_ablation_authoritative_winners_20260608/runs/multimodel_20220511_v8_c02_eps060_exdqlm_multivar_keep_he3_noTF/post/outputs/multimodel_20220511_v8_c02_eps060_exdqlm_multivar_keep_he3_noTF/tables/crps_forecast_per_time.csv,model_id=exdqlm_multivar_synth_drop,1.5969384082942515
tab:he3_ablation_crps,exAL-M-noTF,20221225,28,he3_authoritative_ablation,/data/muscat_data/jaguir26/project1_ucsc_phd_runtime/multimodel_v8_he3_exdqlm_ablation_authoritative_winners_20260608/runs/multimodel_20221225_v8_c05_eps030_exdqlm_multivar_keep_he3_noTF/post/outputs/multimodel_20221225_v8_c05_eps030_exdqlm_multivar_keep_he3_noTF/tables/crps_forecast_per_time.csv,model_id=exdqlm_multivar_synth_drop,2.3674204105613166
tab:he3_ablation_crps,exAL-M-T1-noH1,20210123,28,he3_authoritative_ablation,/data/muscat_data/jaguir26/project1_ucsc_phd_runtime/multimodel_v8_he3_exdqlm_ablation_authoritative_winners_20260608/runs/multimodel_20210123_v8_c04_eps365_exdqlm_multivar_keep_he3_noH1/post/outputs/multimodel_20210123_v8_c04_eps365_exdqlm_multivar_keep_he3_noH1/tables/crps_forecast_per_time.csv,model_id=exdqlm_multivar_synth_keep,1.2786086911429619
tab:he3_ablation_crps,exAL-M-T1-noH1,20211112,28,he3_authoritative_ablation,/data/muscat_data/jaguir26/project1_ucsc_phd_runtime/multimodel_v8_he3_exdqlm_ablation_authoritative_winners_20260608/runs/multimodel_20211112_v8_c04_eps365_exdqlm_multivar_keep_he3_noH1/post/outputs/multimodel_20211112_v8_c04_eps365_exdqlm_multivar_keep_he3_noH1/tables/crps_forecast_per_time.csv,model_id=exdqlm_multivar_synth_keep,1.601420047530022
tab:he3_ablation_crps,exAL-M-T1-noH1,20211221,28,he3_authoritative_ablation,/data/muscat_data/jaguir26/project1_ucsc_phd_runtime/multimodel_v8_he3_exdqlm_ablation_authoritative_winners_20260608/runs/multimodel_20211221_v8_c03_eps030_exdqlm_multivar_keep_he3_noH1/post/outputs/multimodel_20211221_v8_c03_eps030_exdqlm_multivar_keep_he3_noH1/tables/crps_forecast_per_time.csv,model_id=exdqlm_multivar_synth_keep,2.9384058185778152
tab:he3_ablation_crps,exAL-M-T1-noH1,20220511,28,he3_authoritative_ablation,/data/muscat_data/jaguir26/project1_ucsc_phd_runtime/multimodel_v8_he3_exdqlm_ablation_authoritative_winners_20260608/runs/multimodel_20220511_v8_c02_eps060_exdqlm_multivar_keep_he3_noH1/post/outputs/multimodel_20220511_v8_c02_eps060_exdqlm_multivar_keep_he3_noH1/tables/crps_forecast_per_time.csv,model_id=exdqlm_multivar_synth_keep,1.1589672049804776
tab:he3_ablation_crps,exAL-M-T1-noH1,20221225,28,he3_authoritative_ablation,/data/muscat_data/jaguir26/project1_ucsc_phd_runtime/multimodel_v8_he3_exdqlm_ablation_authoritative_winners_20260608/runs/multimodel_20221225_v8_c05_eps030_exdqlm_multivar_keep_he3_noH1/post/outputs/multimodel_20221225_v8_c05_eps030_exdqlm_multivar_keep_he3_noH1/tables/crps_forecast_per_time.csv,model_id=exdqlm_multivar_synth_keep,4.8122049922454195
tab:he3_ablation_crps,exAL-M-T1-noH2,20210123,28,he3_authoritative_ablation,/data/muscat_data/jaguir26/project1_ucsc_phd_runtime/multimodel_v8_he3_exdqlm_ablation_authoritative_winners_20260608/runs/multimodel_20210123_v8_c04_eps365_exdqlm_multivar_keep_he3_noH2/post/outputs/multimodel_20210123_v8_c04_eps365_exdqlm_multivar_keep_he3_noH2/tables/crps_forecast_per_time.csv,model_id=exdqlm_multivar_synth_keep,0.72689574708589799
tab:he3_ablation_crps,exAL-M-T1-noH2,20211112,28,he3_authoritative_ablation,/data/muscat_data/jaguir26/project1_ucsc_phd_runtime/multimodel_v8_he3_exdqlm_ablation_authoritative_winners_20260608/runs/multimodel_20211112_v8_c04_eps365_exdqlm_multivar_keep_he3_noH2/post/outputs/multimodel_20211112_v8_c04_eps365_exdqlm_multivar_keep_he3_noH2/tables/crps_forecast_per_time.csv,model_id=exdqlm_multivar_synth_keep,1.0472404928276249
tab:he3_ablation_crps,exAL-M-T1-noH2,20211221,28,he3_authoritative_ablation,/data/muscat_data/jaguir26/project1_ucsc_phd_runtime/multimodel_v8_he3_exdqlm_ablation_authoritative_winners_20260608/runs/multimodel_20211221_v8_c03_eps030_exdqlm_multivar_keep_he3_noH2/post/outputs/multimodel_20211221_v8_c03_eps030_exdqlm_multivar_keep_he3_noH2/tables/crps_forecast_per_time.csv,model_id=exdqlm_multivar_synth_keep,2.9357837310593626
tab:he3_ablation_crps,exAL-M-T1-noH2,20220511,28,he3_authoritative_ablation,/data/muscat_data/jaguir26/project1_ucsc_phd_runtime/multimodel_v8_he3_exdqlm_ablation_authoritative_winners_20260608/runs/multimodel_20220511_v8_c02_eps060_exdqlm_multivar_keep_he3_noH2/post/outputs/multimodel_20220511_v8_c02_eps060_exdqlm_multivar_keep_he3_noH2/tables/crps_forecast_per_time.csv,model_id=exdqlm_multivar_synth_keep,0.82020111744819479
tab:he3_ablation_crps,exAL-M-T1-noH2,20221225,28,he3_authoritative_ablation,/data/muscat_data/jaguir26/project1_ucsc_phd_runtime/multimodel_v8_he3_exdqlm_ablation_authoritative_winners_20260608/runs/multimodel_20221225_v8_c05_eps030_exdqlm_multivar_keep_he3_noH2/post/outputs/multimodel_20221225_v8_c05_eps030_exdqlm_multivar_keep_he3_noH2/tables/crps_forecast_per_time.csv,model_id=exdqlm_multivar_synth_keep,4.4502710863075547
tab:he3_ablation_crps,exAL-M-T1-noH3,20210123,28,he3_authoritative_ablation,/data/muscat_data/jaguir26/project1_ucsc_phd_runtime/multimodel_v8_he3_exdqlm_ablation_authoritative_winners_20260608/runs/multimodel_20210123_v8_c04_eps365_exdqlm_multivar_keep_he3_noH3/post/outputs/multimodel_20210123_v8_c04_eps365_exdqlm_multivar_keep_he3_noH3/tables/crps_forecast_per_time.csv,model_id=exdqlm_multivar_synth_keep,1.0828143384638242
tab:he3_ablation_crps,exAL-M-T1-noH3,20211112,28,he3_authoritative_ablation,/data/muscat_data/jaguir26/project1_ucsc_phd_runtime/multimodel_v8_he3_exdqlm_ablation_authoritative_winners_20260608/runs/multimodel_20211112_v8_c04_eps365_exdqlm_multivar_keep_he3_noH3/post/outputs/multimodel_20211112_v8_c04_eps365_exdqlm_multivar_keep_he3_noH3/tables/crps_forecast_per_time.csv,model_id=exdqlm_multivar_synth_keep,1.0356247764306288
tab:he3_ablation_crps,exAL-M-T1-noH3,20211221,28,he3_authoritative_ablation,/data/muscat_data/jaguir26/project1_ucsc_phd_runtime/multimodel_v8_he3_exdqlm_ablation_authoritative_winners_20260608/runs/multimodel_20211221_v8_c03_eps030_exdqlm_multivar_keep_he3_noH3/post/outputs/multimodel_20211221_v8_c03_eps030_exdqlm_multivar_keep_he3_noH3/tables/crps_forecast_per_time.csv,model_id=exdqlm_multivar_synth_keep,2.6866746991171047
tab:he3_ablation_crps,exAL-M-T1-noH3,20220511,28,he3_authoritative_ablation,/data/muscat_data/jaguir26/project1_ucsc_phd_runtime/multimodel_v8_he3_exdqlm_ablation_authoritative_winners_20260608/runs/multimodel_20220511_v8_c02_eps060_exdqlm_multivar_keep_he3_noH3/post/outputs/multimodel_20220511_v8_c02_eps060_exdqlm_multivar_keep_he3_noH3/tables/crps_forecast_per_time.csv,model_id=exdqlm_multivar_synth_keep,0.72939904418045598
tab:he3_ablation_crps,exAL-M-T1-noH3,20221225,28,he3_authoritative_ablation,/data/muscat_data/jaguir26/project1_ucsc_phd_runtime/multimodel_v8_he3_exdqlm_ablation_authoritative_winners_20260608/runs/multimodel_20221225_v8_c05_eps030_exdqlm_multivar_keep_he3_noH3/post/outputs/multimodel_20221225_v8_c05_eps030_exdqlm_multivar_keep_he3_noH3/tables/crps_forecast_per_time.csv,model_id=exdqlm_multivar_synth_keep,4.1447797639591402
tab:he3_ablation_crps_nws_horizon,RAW-GLOFAS,20210123,8,raw_forecast_product,artifacts/five_cutoff_crps_validation_sources/20210123_exal_m_t1/crps_forecast_per_time.csv,model_id=glofas_ensemble,0.57250615774249891
tab:he3_ablation_crps_nws_horizon,RAW-NWS,20210123,8,raw_forecast_product,artifacts/five_cutoff_crps_validation_sources/20210123_exal_m_t1/crps_forecast_per_time.csv,model_id=nws_nwm_ensemble,0.83036605178260892
tab:he3_ablation_crps_nws_horizon,RAW-GLOFAS,20211112,8,raw_forecast_product,artifacts/five_cutoff_crps_validation_sources/20211112_exal_m_t1/crps_forecast_per_time.csv,model_id=glofas_ensemble,0.20669930642272705
tab:he3_ablation_crps_nws_horizon,RAW-NWS,20211112,8,raw_forecast_product,artifacts/five_cutoff_crps_validation_sources/20211112_exal_m_t1/crps_forecast_per_time.csv,model_id=nws_nwm_ensemble,1.3719166338517024
tab:he3_ablation_crps_nws_horizon,RAW-GLOFAS,20211221,8,raw_forecast_product,artifacts/five_cutoff_crps_validation_sources/20211221_exal_m_t1/crps_forecast_per_time.csv,model_id=glofas_ensemble,1.2912705591052758
tab:he3_ablation_crps_nws_horizon,RAW-NWS,20211221,8,raw_forecast_product,artifacts/five_cutoff_crps_validation_sources/20211221_exal_m_t1/crps_forecast_per_time.csv,model_id=nws_nwm_ensemble,0.28117590724791858
tab:he3_ablation_crps_nws_horizon,RAW-GLOFAS,20220511,8,raw_forecast_product,artifacts/five_cutoff_crps_validation_sources/20220511_exal_m_t1/crps_forecast_per_time.csv,model_id=glofas_ensemble,0.32273633935233281
tab:he3_ablation_crps_nws_horizon,RAW-NWS,20220511,8,raw_forecast_product,artifacts/five_cutoff_crps_validation_sources/20220511_exal_m_t1/crps_forecast_per_time.csv,model_id=nws_nwm_ensemble,0.28365909559653479
tab:he3_ablation_crps_nws_horizon,RAW-GLOFAS,20221225,8,raw_forecast_product,artifacts/five_cutoff_crps_validation_sources/20221225_exal_m_t1/crps_forecast_per_time.csv,model_id=glofas_ensemble,1.4818843329328313
tab:he3_ablation_crps_nws_horizon,RAW-NWS,20221225,8,raw_forecast_product,artifacts/five_cutoff_crps_validation_sources/20221225_exal_m_t1/crps_forecast_per_time.csv,model_id=nws_nwm_ensemble,0.55680206834701029
tab:he3_ablation_crps_nws_horizon,exAL-M-T1 (full),20210123,8,he3_authoritative_ablation,/data/muscat_data/jaguir26/project1_ucsc_phd_runtime/multimodel_v8_he2_exdqlm_multivar_keep_epsilon_discount_grid_20260524/runs/multimodel_20210123_v8_he2grid_c04_eps365_exdqlm_multivar_keep/post/outputs/multimodel_20210123_v8_he2grid_c04_eps365_exdqlm_multivar_keep/tables/crps_forecast_per_time.csv,model_id=exdqlm_multivar_synth_keep,0.22690530122129887
tab:he3_ablation_crps_nws_horizon,exAL-M-T1 (full),20211112,8,he3_authoritative_ablation,/data/muscat_data/jaguir26/project1_ucsc_phd_runtime/multimodel_v8_he2_exdqlm_multivar_keep_epsilon_discount_grid_20260524/runs/multimodel_20211112_v8_he2grid_c04_eps365_exdqlm_multivar_keep/post/outputs/multimodel_20211112_v8_he2grid_c04_eps365_exdqlm_multivar_keep/tables/crps_forecast_per_time.csv,model_id=exdqlm_multivar_synth_keep,0.058578941774918528
tab:he3_ablation_crps_nws_horizon,exAL-M-T1 (full),20211221,8,he3_authoritative_ablation,/data/muscat_data/jaguir26/project1_ucsc_phd_runtime/multimodel_v8_he2_exdqlm_multivar_keep_epsilon_discount_grid_20260524/runs/multimodel_20211221_v8_he2grid_c03_eps030_exdqlm_multivar_keep/post/outputs/multimodel_20211221_v8_he2grid_c03_eps030_exdqlm_multivar_keep/tables/crps_forecast_per_time.csv,model_id=exdqlm_multivar_synth_keep,0.61301801139867129
tab:he3_ablation_crps_nws_horizon,exAL-M-T1 (full),20220511,8,he3_authoritative_ablation,/data/muscat_data/jaguir26/project1_ucsc_phd_runtime/multimodel_v8_he2_exdqlm_multivar_keep_epsilon_discount_grid_20260524/runs/multimodel_20220511_v8_he2grid_c02_eps060_exdqlm_multivar_keep/post/outputs/multimodel_20220511_v8_he2grid_c02_eps060_exdqlm_multivar_keep/tables/crps_forecast_per_time.csv,model_id=exdqlm_multivar_synth_keep,0.02814234557552691
tab:he3_ablation_crps_nws_horizon,exAL-M-T1 (full),20221225,8,he3_authoritative_ablation,/data/muscat_data/jaguir26/project1_ucsc_phd_runtime/multimodel_v8_he2_exdqlm_multivar_keep_epsilon_discount_grid_20260524/runs/multimodel_20221225_v8_he2grid_c05_eps030_exdqlm_multivar_keep/post/outputs/multimodel_20221225_v8_he2grid_c05_eps030_exdqlm_multivar_keep/tables/crps_forecast_per_time.csv,model_id=exdqlm_multivar_synth_keep,0.66871346765103934
tab:he3_ablation_crps_nws_horizon,exAL-M-T1-noTrend,20210123,8,he3_authoritative_ablation,/data/muscat_data/jaguir26/project1_ucsc_phd_runtime/multimodel_v8_he3_exdqlm_ablation_authoritative_winners_20260608/runs/multimodel_20210123_v8_c04_eps365_exdqlm_multivar_keep_he3_noTrend/post/outputs/multimodel_20210123_v8_c04_eps365_exdqlm_multivar_keep_he3_noTrend/tables/crps_forecast_per_time.csv,model_id=exdqlm_multivar_synth_keep,1.4949015310333733
tab:he3_ablation_crps_nws_horizon,exAL-M-T1-noTrend,20211112,8,he3_authoritative_ablation,/data/muscat_data/jaguir26/project1_ucsc_phd_runtime/multimodel_v8_he3_exdqlm_ablation_authoritative_winners_20260608/runs/multimodel_20211112_v8_c04_eps365_exdqlm_multivar_keep_he3_noTrend/post/outputs/multimodel_20211112_v8_c04_eps365_exdqlm_multivar_keep_he3_noTrend/tables/crps_forecast_per_time.csv,model_id=exdqlm_multivar_synth_keep,0.77464176606348811
tab:he3_ablation_crps_nws_horizon,exAL-M-T1-noTrend,20211221,8,he3_authoritative_ablation,/data/muscat_data/jaguir26/project1_ucsc_phd_runtime/multimodel_v8_he3_exdqlm_ablation_authoritative_winners_20260608/runs/multimodel_20211221_v8_c03_eps030_exdqlm_multivar_keep_he3_noTrend/post/outputs/multimodel_20211221_v8_c03_eps030_exdqlm_multivar_keep_he3_noTrend/tables/crps_forecast_per_time.csv,model_id=exdqlm_multivar_synth_keep,3.3897415868612422
tab:he3_ablation_crps_nws_horizon,exAL-M-T1-noTrend,20220511,8,he3_authoritative_ablation,/data/muscat_data/jaguir26/project1_ucsc_phd_runtime/multimodel_v8_he3_exdqlm_ablation_authoritative_winners_20260608/runs/multimodel_20220511_v8_c02_eps060_exdqlm_multivar_keep_he3_noTrend/post/outputs/multimodel_20220511_v8_c02_eps060_exdqlm_multivar_keep_he3_noTrend/tables/crps_forecast_per_time.csv,model_id=exdqlm_multivar_synth_keep,0.60767969455983195
tab:he3_ablation_crps_nws_horizon,exAL-M-T1-noTrend,20221225,8,he3_authoritative_ablation,/data/muscat_data/jaguir26/project1_ucsc_phd_runtime/multimodel_v8_he3_exdqlm_ablation_authoritative_winners_20260608/runs/multimodel_20221225_v8_c05_eps030_exdqlm_multivar_keep_he3_noTrend/post/outputs/multimodel_20221225_v8_c05_eps030_exdqlm_multivar_keep_he3_noTrend/tables/crps_forecast_per_time.csv,model_id=exdqlm_multivar_synth_keep,3.1969408303917328
tab:he3_ablation_crps_nws_horizon,exAL-M-noTF,20210123,8,he3_authoritative_ablation,/data/muscat_data/jaguir26/project1_ucsc_phd_runtime/multimodel_v8_he3_exdqlm_ablation_authoritative_winners_20260608/runs/multimodel_20210123_v8_c04_eps365_exdqlm_multivar_keep_he3_noTF/post/outputs/multimodel_20210123_v8_c04_eps365_exdqlm_multivar_keep_he3_noTF/tables/crps_forecast_per_time.csv,model_id=exdqlm_multivar_synth_drop,1.7977743299670566
tab:he3_ablation_crps_nws_horizon,exAL-M-noTF,20211112,8,he3_authoritative_ablation,/data/muscat_data/jaguir26/project1_ucsc_phd_runtime/multimodel_v8_he3_exdqlm_ablation_authoritative_winners_20260608/runs/multimodel_20211112_v8_c04_eps365_exdqlm_multivar_keep_he3_noTF/post/outputs/multimodel_20211112_v8_c04_eps365_exdqlm_multivar_keep_he3_noTF/tables/crps_forecast_per_time.csv,model_id=exdqlm_multivar_synth_drop,1.9123061124757039
tab:he3_ablation_crps_nws_horizon,exAL-M-noTF,20211221,8,he3_authoritative_ablation,/data/muscat_data/jaguir26/project1_ucsc_phd_runtime/multimodel_v8_he3_exdqlm_ablation_authoritative_winners_20260608/runs/multimodel_20211221_v8_c03_eps030_exdqlm_multivar_keep_he3_noTF/post/outputs/multimodel_20211221_v8_c03_eps030_exdqlm_multivar_keep_he3_noTF/tables/crps_forecast_per_time.csv,model_id=exdqlm_multivar_synth_drop,1.9248987943741069
tab:he3_ablation_crps_nws_horizon,exAL-M-noTF,20220511,8,he3_authoritative_ablation,/data/muscat_data/jaguir26/project1_ucsc_phd_runtime/multimodel_v8_he3_exdqlm_ablation_authoritative_winners_20260608/runs/multimodel_20220511_v8_c02_eps060_exdqlm_multivar_keep_he3_noTF/post/outputs/multimodel_20220511_v8_c02_eps060_exdqlm_multivar_keep_he3_noTF/tables/crps_forecast_per_time.csv,model_id=exdqlm_multivar_synth_drop,1.6074224762833014
tab:he3_ablation_crps_nws_horizon,exAL-M-noTF,20221225,8,he3_authoritative_ablation,/data/muscat_data/jaguir26/project1_ucsc_phd_runtime/multimodel_v8_he3_exdqlm_ablation_authoritative_winners_20260608/runs/multimodel_20221225_v8_c05_eps030_exdqlm_multivar_keep_he3_noTF/post/outputs/multimodel_20221225_v8_c05_eps030_exdqlm_multivar_keep_he3_noTF/tables/crps_forecast_per_time.csv,model_id=exdqlm_multivar_synth_drop,2.3031070740768622
tab:he3_ablation_crps_nws_horizon,exAL-M-T1-noH1,20210123,8,he3_authoritative_ablation,/data/muscat_data/jaguir26/project1_ucsc_phd_runtime/multimodel_v8_he3_exdqlm_ablation_authoritative_winners_20260608/runs/multimodel_20210123_v8_c04_eps365_exdqlm_multivar_keep_he3_noH1/post/outputs/multimodel_20210123_v8_c04_eps365_exdqlm_multivar_keep_he3_noH1/tables/crps_forecast_per_time.csv,model_id=exdqlm_multivar_synth_keep,1.6696301778911207
tab:he3_ablation_crps_nws_horizon,exAL-M-T1-noH1,20211112,8,he3_authoritative_ablation,/data/muscat_data/jaguir26/project1_ucsc_phd_runtime/multimodel_v8_he3_exdqlm_ablation_authoritative_winners_20260608/runs/multimodel_20211112_v8_c04_eps365_exdqlm_multivar_keep_he3_noH1/post/outputs/multimodel_20211112_v8_c04_eps365_exdqlm_multivar_keep_he3_noH1/tables/crps_forecast_per_time.csv,model_id=exdqlm_multivar_synth_keep,1.6942386534359783
tab:he3_ablation_crps_nws_horizon,exAL-M-T1-noH1,20211221,8,he3_authoritative_ablation,/data/muscat_data/jaguir26/project1_ucsc_phd_runtime/multimodel_v8_he3_exdqlm_ablation_authoritative_winners_20260608/runs/multimodel_20211221_v8_c03_eps030_exdqlm_multivar_keep_he3_noH1/post/outputs/multimodel_20211221_v8_c03_eps030_exdqlm_multivar_keep_he3_noH1/tables/crps_forecast_per_time.csv,model_id=exdqlm_multivar_synth_keep,3.8179797597256346
tab:he3_ablation_crps_nws_horizon,exAL-M-T1-noH1,20220511,8,he3_authoritative_ablation,/data/muscat_data/jaguir26/project1_ucsc_phd_runtime/multimodel_v8_he3_exdqlm_ablation_authoritative_winners_20260608/runs/multimodel_20220511_v8_c02_eps060_exdqlm_multivar_keep_he3_noH1/post/outputs/multimodel_20220511_v8_c02_eps060_exdqlm_multivar_keep_he3_noH1/tables/crps_forecast_per_time.csv,model_id=exdqlm_multivar_synth_keep,1.2189995947096981
tab:he3_ablation_crps_nws_horizon,exAL-M-T1-noH1,20221225,8,he3_authoritative_ablation,/data/muscat_data/jaguir26/project1_ucsc_phd_runtime/multimodel_v8_he3_exdqlm_ablation_authoritative_winners_20260608/runs/multimodel_20221225_v8_c05_eps030_exdqlm_multivar_keep_he3_noH1/post/outputs/multimodel_20221225_v8_c05_eps030_exdqlm_multivar_keep_he3_noH1/tables/crps_forecast_per_time.csv,model_id=exdqlm_multivar_synth_keep,4.1148822380371133
tab:he3_ablation_crps_nws_horizon,exAL-M-T1-noH2,20210123,8,he3_authoritative_ablation,/data/muscat_data/jaguir26/project1_ucsc_phd_runtime/multimodel_v8_he3_exdqlm_ablation_authoritative_winners_20260608/runs/multimodel_20210123_v8_c04_eps365_exdqlm_multivar_keep_he3_noH2/post/outputs/multimodel_20210123_v8_c04_eps365_exdqlm_multivar_keep_he3_noH2/tables/crps_forecast_per_time.csv,model_id=exdqlm_multivar_synth_keep,1.1112168927566528
tab:he3_ablation_crps_nws_horizon,exAL-M-T1-noH2,20211112,8,he3_authoritative_ablation,/data/muscat_data/jaguir26/project1_ucsc_phd_runtime/multimodel_v8_he3_exdqlm_ablation_authoritative_winners_20260608/runs/multimodel_20211112_v8_c04_eps365_exdqlm_multivar_keep_he3_noH2/post/outputs/multimodel_20211112_v8_c04_eps365_exdqlm_multivar_keep_he3_noH2/tables/crps_forecast_per_time.csv,model_id=exdqlm_multivar_synth_keep,1.1430667177275828
tab:he3_ablation_crps_nws_horizon,exAL-M-T1-noH2,20211221,8,he3_authoritative_ablation,/data/muscat_data/jaguir26/project1_ucsc_phd_runtime/multimodel_v8_he3_exdqlm_ablation_authoritative_winners_20260608/runs/multimodel_20211221_v8_c03_eps030_exdqlm_multivar_keep_he3_noH2/post/outputs/multimodel_20211221_v8_c03_eps030_exdqlm_multivar_keep_he3_noH2/tables/crps_forecast_per_time.csv,model_id=exdqlm_multivar_synth_keep,3.7822165676565689
tab:he3_ablation_crps_nws_horizon,exAL-M-T1-noH2,20220511,8,he3_authoritative_ablation,/data/muscat_data/jaguir26/project1_ucsc_phd_runtime/multimodel_v8_he3_exdqlm_ablation_authoritative_winners_20260608/runs/multimodel_20220511_v8_c02_eps060_exdqlm_multivar_keep_he3_noH2/post/outputs/multimodel_20220511_v8_c02_eps060_exdqlm_multivar_keep_he3_noH2/tables/crps_forecast_per_time.csv,model_id=exdqlm_multivar_synth_keep,0.89742911092459754
tab:he3_ablation_crps_nws_horizon,exAL-M-T1-noH2,20221225,8,he3_authoritative_ablation,/data/muscat_data/jaguir26/project1_ucsc_phd_runtime/multimodel_v8_he3_exdqlm_ablation_authoritative_winners_20260608/runs/multimodel_20221225_v8_c05_eps030_exdqlm_multivar_keep_he3_noH2/post/outputs/multimodel_20221225_v8_c05_eps030_exdqlm_multivar_keep_he3_noH2/tables/crps_forecast_per_time.csv,model_id=exdqlm_multivar_synth_keep,3.7266606581042958
tab:he3_ablation_crps_nws_horizon,exAL-M-T1-noH3,20210123,8,he3_authoritative_ablation,/data/muscat_data/jaguir26/project1_ucsc_phd_runtime/multimodel_v8_he3_exdqlm_ablation_authoritative_winners_20260608/runs/multimodel_20210123_v8_c04_eps365_exdqlm_multivar_keep_he3_noH3/post/outputs/multimodel_20210123_v8_c04_eps365_exdqlm_multivar_keep_he3_noH3/tables/crps_forecast_per_time.csv,model_id=exdqlm_multivar_synth_keep,1.5341893118615237
tab:he3_ablation_crps_nws_horizon,exAL-M-T1-noH3,20211112,8,he3_authoritative_ablation,/data/muscat_data/jaguir26/project1_ucsc_phd_runtime/multimodel_v8_he3_exdqlm_ablation_authoritative_winners_20260608/runs/multimodel_20211112_v8_c04_eps365_exdqlm_multivar_keep_he3_noH3/post/outputs/multimodel_20211112_v8_c04_eps365_exdqlm_multivar_keep_he3_noH3/tables/crps_forecast_per_time.csv,model_id=exdqlm_multivar_synth_keep,1.0918084846419569
tab:he3_ablation_crps_nws_horizon,exAL-M-T1-noH3,20211221,8,he3_authoritative_ablation,/data/muscat_data/jaguir26/project1_ucsc_phd_runtime/multimodel_v8_he3_exdqlm_ablation_authoritative_winners_20260608/runs/multimodel_20211221_v8_c03_eps030_exdqlm_multivar_keep_he3_noH3/post/outputs/multimodel_20211221_v8_c03_eps030_exdqlm_multivar_keep_he3_noH3/tables/crps_forecast_per_time.csv,model_id=exdqlm_multivar_synth_keep,3.5607025710299474
tab:he3_ablation_crps_nws_horizon,exAL-M-T1-noH3,20220511,8,he3_authoritative_ablation,/data/muscat_data/jaguir26/project1_ucsc_phd_runtime/multimodel_v8_he3_exdqlm_ablation_authoritative_winners_20260608/runs/multimodel_20220511_v8_c02_eps060_exdqlm_multivar_keep_he3_noH3/post/outputs/multimodel_20220511_v8_c02_eps060_exdqlm_multivar_keep_he3_noH3/tables/crps_forecast_per_time.csv,model_id=exdqlm_multivar_synth_keep,0.78513918222886925
tab:he3_ablation_crps_nws_horizon,exAL-M-T1-noH3,20221225,8,he3_authoritative_ablation,/data/muscat_data/jaguir26/project1_ucsc_phd_runtime/multimodel_v8_he3_exdqlm_ablation_authoritative_winners_20260608/runs/multimodel_20221225_v8_c05_eps030_exdqlm_multivar_keep_he3_noH3/post/outputs/multimodel_20221225_v8_c05_eps030_exdqlm_multivar_keep_he3_noH3/tables/crps_forecast_per_time.csv,model_id=exdqlm_multivar_synth_keep,3.4769035147978076
